LID,BNO,BNAME
111,1001,Burj
111,1002,Shangai 
112,1003,Zifeng
112,1004,Princess
113,1005,Al hamra
113,1006,Shun Hing
114,1007,Almas
114,1008,Emirates
115,1009,Ahmed
115,1010,Mercury
116,1011,The torch
116,1012,Rose 
117,1013,The index
117,1014,Al yaqoob
118,1015,Landmark
118,1016,Q1 Tower
119,1017,NY Tower
119,1018,Maoye 
120,1019,Sky tower
120,1020,Burj rafal
121,1021,Cayan
121,1022,One57
122,1023,The shard
122,1024,Baiyoke
123,1025,Eithad
123,1026,Diwang
124,1027,Wells farg
124,1028,Doosan
125,1029,Heung
125,1030,Wuxi moi
126,1031,China Zun
126,1032,Taipei 100
127,1033,greenland
127,1034,lakhta
128,1035,changsha
128,1036,petronas
129,1037,Willis
129,1038,111 west
130,1039,LIC
130,1040,Usha kiran
131,1041,Godrej S
131,1042,Imperial
132,1043,The 42
132,1044,The park
133,1045,palias 
133,1046,Reddy TS
134,1047,Ahuja
134,1048,crescent
135,1049,worldone
135,1050,worldtwo
136,1051,omkar
136,1052,reliance
137,1053,Calcium
137,1054,Rebound
138,1055,Dragflick
138,1056,shooter
139,1057,feature
139,1058,flavour
140,1059,Telangana
140,1060,Andhra TS
